Roll No,Courses
STUDENT001,"ME104, EE102, CS341, MA401, ME301"
STUDENT002,"EE103, ME401, EE201, EE572, CS633"
STUDENT003,"ME633, CS341, HS201, EE572, EE101"
STUDENT004,"CS359, CS102, EE103, CS386, EE633"
STUDENT005,"ME301, CS387, CS359, ME104, ME101"
STUDENT006,"EE104, ME633, ME101, CS341, CS101"
STUDENT007,"CS359, EE105, EE104, CS387, CS341"
STUDENT008,"ME101, EE101, HS301, MA201, EE104"
STUDENT009,"EE572, ME102, ME633, ME301, CS202"
STUDENT010,"ME633, CS359, ME102, ME101, MA201"
STUDENT011,"EE570, MA201, CS101, MA202, CS633"
STUDENT012,"CS341, HS301, EE101, EE570, MA401"
STUDENT013,"EE570, EE103, ME401, MA202, ME301"
STUDENT014,"EE633, CS102, CS633, ME101, ME104"
STUDENT015,"ME101, EE104, EE102, EE633, CS389"
STUDENT016,"ME572, CS389, ME101, ME401, CS386"
STUDENT017,"EE201, CS101, EE101, CS341, CS102"
STUDENT018,"ME104, EE633, EE103, ME102, CS633"
STUDENT019,"EE570, EE103, EE104, ME301, CS389"
STUDENT020,"EE101, EE633, ME572, CS359, ME401"
STUDENT021,"EE101, CS633, CS387, CS389, MA201"
STUDENT022,"ME572, CS101, ME633, ME102, CS101"
STUDENT023,"ME401, CS341, CS633, EE103, CS102"
STUDENT024,"CS341, ME401, ME102, CS386, EE102"
STUDENT025,"ME401, MA201, EE570, ME633, ME101"
STUDENT026,"EE201, ME572, HS301, CS102, EE104"
STUDENT027,"CS101, CS102, CS389, EE103, MA401"
STUDENT028,"ME301, CS633, ME101, EE572, ME633"
STUDENT029,"CS101, EE572, ME633, CS101, HS201"
STUDENT030,"CS101, ME401, CS387, MA202, CS102"
STUDENT031,"ME102, EE105, CS202, ME633, MA401"
STUDENT032,"CS386, CS359, ME101, CS102, EE570"
STUDENT033,"ME301, HS301, CS102, MA201, EE104"
STUDENT034,"EE633, EE570, ME633, CS101, EE102"
STUDENT035,"ME104, CS386, CS102, MA401, ME301"
STUDENT036,"CS341, ME104, ME401, CS389, ME101"
STUDENT037,"EE103, CS202, CS102, ME401, MA401"
STUDENT038,"CS386, CS101, EE572, ME572, ME104"
STUDENT039,"MA401, CS102, EE201, ME101, CS101"
STUDENT040,"EE570, EE572, EE104, EE102, CS101"
STUDENT041,"EE102, EE633, EE572, CS341, EE101"
STUDENT042,"ME104, EE201, HS301, EE633, HS201"
STUDENT043,"CS341, CS389, CS101, EE105, CS101"
STUDENT044,"EE572, MA202, CS101, CS202, ME101"
STUDENT045,"CS101, ME101, HS301, EE104, CS359"
STUDENT046,"CS386, ME301, ME101, CS341, ME633"
STUDENT047,"ME401, CS633, CS102, CS202, CS389"
STUDENT048,"EE105, CS202, EE201, CS341, ME104"
STUDENT049,"ME102, HS301, CS102, CS389, EE102"
STUDENT050,"EE572, EE570, CS102, HS301, CS387"
STUDENT051,"ME104, EE570, EE101, EE105, CS101"
STUDENT052,"ME104, EE104, EE201, ME301, CS341"
STUDENT053,"CS633, CS387, MA201, HS301, EE105"
STUDENT054,"EE104, ME301, EE103, EE633, CS633"
STUDENT055,"EE201, EE104, CS387, EE103, HS201"
STUDENT056,"CS202, CS359, EE102, ME301, CS633"
STUDENT057,"ME104, MA401, CS633, ME101, EE105"
STUDENT058,"ME572, EE633, EE570, CS386, EE101"
STUDENT059,"EE572, ME104, CS202, CS341, EE103"
STUDENT060,"ME102, HS301, EE102, EE104, CS633"
STUDENT061,"CS101, EE102, ME633, CS202, ME102"
STUDENT062,"ME101, CS386, EE572, CS102, EE101"
STUDENT063,"ME101, ME301, CS102, ME633, ME572"
STUDENT064,"MA401, ME104, CS101, CS202, ME401"
STUDENT065,"ME633, CS386, MA201, CS359, MA202"
STUDENT066,"EE633, MA401, HS201, ME104, ME101"
STUDENT067,"EE201, ME301, CS633, EE101, CS389"
STUDENT068,"EE101, CS202, CS386, MA202, HS301"
STUDENT069,"CS386, EE570, ME633, ME104, CS359"
STUDENT070,"EE570, ME633, CS389, CS101, CS341"
STUDENT071,"CS101, ME301, EE103, CS387, ME401"
STUDENT072,"MA202, EE103, ME301, MA401, EE104"
STUDENT073,"CS386, HS201, EE101, ME102, ME572"
STUDENT074,"MA401, CS389, CS633, ME101, ME102"
STUDENT075,"HS201, ME401, EE102, EE101, ME301"
STUDENT076,"ME633, CS101, EE102, ME572, ME401"
STUDENT077,"CS102, EE570, ME572, CS101, CS633"
STUDENT078,"CS387, ME101, CS386, CS102, ME572"
STUDENT079,"HS301, ME102, EE105, CS359, CS202"
STUDENT080,"MA201, CS101, EE103, ME401, ME633"
STUDENT081,"CS387, MA202, EE103, EE102, MA401"
STUDENT082,"HS301, ME572, CS102, EE201, EE633"
STUDENT083,"ME101, CS386, EE201, CS633, EE101"
STUDENT084,"CS101, CS386, ME633, EE102, CS101"
STUDENT085,"EE572, HS301, EE101, CS386, EE102"
STUDENT086,"ME572, EE103, ME102, ME104, EE570"
STUDENT087,"EE102, CS101, CS101, CS386, CS633"
STUDENT088,"EE105, CS359, MA201, HS301, EE633"
STUDENT089,"ME104, CS386, HS301, EE570, CS341"
STUDENT090,"CS386, ME101, HS201, CS202, CS102"
STUDENT091,"CS102, CS202, ME633, EE633, EE570"
STUDENT092,"CS633, EE102, EE201, EE633, EE103"
STUDENT093,"CS101, CS341, EE103, EE572, EE201"
STUDENT094,"CS633, EE104, CS202, CS387, MA401"
STUDENT095,"MA202, CS389, EE103, EE201, ME101"
STUDENT096,"EE201, CS359, ME401, CS387, CS102"
STUDENT097,"ME572, MA201, CS102, ME102, ME301"
STUDENT098,"EE633, CS389, CS386, CS387, ME104"
STUDENT099,"ME101, EE103, EE572, CS633, HS201"
STUDENT100,"CS389, EE572, EE103, EE201, CS202"
STUDENT101,"EE105, ME401, ME301, EE101, CS101"
STUDENT102,"CS102, ME401, HS201, CS101, HS301"
STUDENT103,"CS202, ME104, EE201, CS341, EE103"
STUDENT104,"EE101, EE201, CS202, HS301, CS387"
STUDENT105,"CS101, MA201, HS301, CS341, EE103"
STUDENT106,"EE201, EE633, CS389, CS387, MA201"
STUDENT107,"CS101, CS386, CS102, CS202, ME401"
STUDENT108,"CS359, CS389, EE570, CS101, CS341"
STUDENT109,"ME301, HS301, CS633, MA202, ME572"
STUDENT110,"EE570, CS341, CS633, EE572, ME102"
STUDENT111,"HS301, ME633, CS101, EE570, CS101"
STUDENT112,"EE572, CS341, EE103, CS387, ME572"
STUDENT113,"ME104, ME633, EE201, EE103, HS301"
STUDENT114,"CS102, MA401, EE633, CS101, CS359"
STUDENT115,"ME101, EE572, EE570, EE105, CS633"
STUDENT116,"CS633, ME102, CS387, EE201, EE103"
STUDENT117,"CS341, HS201, EE105, CS389, CS387"
STUDENT118,"EE201, CS341, CS389, CS102, ME633"
STUDENT119,"CS633, HS301, CS102, EE201, EE633"
STUDENT120,"ME301, EE101, MA201, EE570, ME401"
STUDENT121,"CS386, CS101, ME104, CS387, EE103"
STUDENT122,"EE105, ME572, CS102, EE633, EE104"
STUDENT123,"CS101, HS201, ME101, EE103, CS387"
STUDENT124,"ME572, ME104, CS202, CS359, EE102"
STUDENT125,"CS202, ME102, EE101, CS102, ME101"
STUDENT126,"EE570, HS201, CS387, ME301, EE104"
STUDENT127,"CS386, ME301, CS633, EE105, CS202"
STUDENT128,"CS359, ME104, ME401, ME572, EE105"
STUDENT129,"MA201, ME572, ME101, CS389, CS102"
STUDENT130,"CS633, CS359, EE101, CS101, ME401"
STUDENT131,"CS387, ME301, EE101, EE570, HS201"
STUDENT132,"CS359, EE105, HS201, EE201, CS633"
STUDENT133,"ME572, ME104, CS389, CS341, CS386"
STUDENT134,"EE102, MA202, CS202, ME401, CS102"
STUDENT135,"ME102, EE102, CS359, EE104, ME633"
STUDENT136,"EE572, EE570, CS359, ME301, EE101"
STUDENT137,"MA401, CS101, ME572, HS301, CS202"
STUDENT138,"CS101, MA401, HS301, CS389, EE103"
STUDENT139,"EE570, CS202, CS101, CS102, ME572"
STUDENT140,"MA401, EE102, ME102, EE570, ME572"
STUDENT141,"EE201, CS102, ME101, ME401, MA201"
STUDENT142,"ME401, EE103, CS341, ME572, EE570"
STUDENT143,"EE633, EE103, ME104, CS202, CS633"
STUDENT144,"EE103, CS386, HS301, EE572, CS102"
STUDENT145,"CS101, CS386, ME301, ME102, EE103"
STUDENT146,"EE105, MA202, CS101, EE633, CS359"
STUDENT147,"CS387, ME102, EE104, ME401, EE201"
STUDENT148,"CS102, CS341, CS359, CS389, ME633"
STUDENT149,"ME104, EE102, CS341, CS102, CS101"
STUDENT150,"CS101, CS202, EE104, HS301, ME104"
STUDENT151,"CS202, CS633, EE104, EE103, CS386"
STUDENT152,"CS101, EE104, CS102, CS386, MA202"
STUDENT153,"CS202, EE102, CS101, MA201, EE572"
STUDENT154,"ME102, EE201, CS202, EE570, EE103"
STUDENT155,"CS202, ME101, EE633, CS101, ME572"
STUDENT156,"ME101, CS359, ME572, CS202, HS201"
STUDENT157,"ME101, CS359, MA201, EE102, EE633"
STUDENT158,"CS386, CS359, EE105, ME104, EE104"
STUDENT159,"EE570, EE103, CS102, EE201, CS101"
STUDENT160,"ME633, CS359, CS102, HS201, CS387"
STUDENT161,"EE104, MA201, CS202, ME572, EE105"
STUDENT162,"CS102, EE201, EE572, CS341, ME301"
STUDENT163,"HS301, EE572, MA401, CS102, CS387"
STUDENT164,"EE105, EE102, EE101, ME301, CS202"
STUDENT165,"CS101, HS201, CS102, EE105, MA201"
STUDENT166,"CS359, ME301, EE101, ME633, EE570"
STUDENT167,"ME101, EE633, EE103, CS341, ME301"
STUDENT168,"ME102, EE201, CS633, ME633, CS359"
STUDENT169,"CS341, CS102, MA401, EE101, EE105"
STUDENT170,"ME101, EE633, CS633, CS202, ME104"
STUDENT171,"EE103, CS387, EE104, CS389, MA202"
STUDENT172,"HS201, CS101, EE570, EE201, CS102"
STUDENT173,"CS102, CS101, EE101, CS389, CS633"
STUDENT174,"ME102, EE102, EE572, EE201, CS202"
STUDENT175,"CS101, ME572, EE572, ME102, CS386"
STUDENT176,"ME401, CS389, ME101, CS387, EE103"
STUDENT177,"HS301, ME401, CS633, MA201, CS102"
STUDENT178,"EE104, CS341, CS386, EE633, EE103"
STUDENT179,"ME301, CS359, EE572, CS386, MA201"
STUDENT180,"ME572, HS201, EE102, ME301, MA202"
STUDENT181,"EE572, EE633, EE102, CS202, EE570"
STUDENT182,"EE101, ME633, ME101, EE102, MA401"
STUDENT183,"HS301, EE103, ME572, ME633, CS202"
STUDENT184,"CS102, HS201, ME572, EE201, CS202"
STUDENT185,"HS201, CS102, MA401, CS101, HS301"
STUDENT186,"CS387, EE103, CS101, CS386, ME633"
STUDENT187,"CS633, EE201, CS389, EE102, HS301"
STUDENT188,"MA401, MA201, EE201, EE633, CS102"
STUDENT189,"HS301, ME101, MA201, EE572, EE101"
STUDENT190,"EE201, MA202, CS359, ME633, EE633"
STUDENT191,"EE103, CS102, ME572, ME401, CS101"
STUDENT192,"ME401, ME101, EE572, EE104, CS102"
STUDENT193,"CS101, ME104, ME572, CS633, EE572"
STUDENT194,"MA401, ME301, CS389, CS102, CS341"
STUDENT195,"ME102, CS633, CS389, CS101, ME101"
STUDENT196,"ME401, MA401, ME104, CS386, ME633"
STUDENT197,"CS202, HS301, ME572, ME101, EE633"
STUDENT198,"ME401, EE104, ME101, CS102, CS386"
STUDENT199,"CS633, EE201, HS201, CS341, ME101"
STUDENT200,"CS633, HS201, EE104, ME102, EE105"
STUDENT201,"EE101, ME101, EE570, ME301, CS633"
STUDENT202,"HS301, CS389, HS201, EE101, CS633"
STUDENT203,"CS102, EE102, EE103, CS101, CS102"
STUDENT204,"EE633, CS101, ME572, CS202, CS359"
STUDENT205,"CS633, MA201, HS201, EE633, CS341"
STUDENT206,"HS201, CS389, CS202, CS633, MA201"
STUDENT207,"CS102, ME102, ME101, MA201, MA401"
STUDENT208,"CS341, ME101, CS386, CS202, EE201"
STUDENT209,"MA202, ME572, CS202, MA401, CS386"
STUDENT210,"ME572, CS387, EE570, EE102, MA201"
STUDENT211,"CS387, ME572, EE105, EE572, ME633"
STUDENT212,"EE103, CS359, EE201, ME104, CS341"
STUDENT213,"CS101, CS387, CS389, EE105, EE570"
STUDENT214,"EE104, EE102, EE103, CS359, CS102"
STUDENT215,"CS101, EE102, CS389, CS102, CS633"
STUDENT216,"CS341, CS101, EE572, ME104, CS102"
STUDENT217,"EE101, CS102, CS386, ME301, CS102"
STUDENT218,"HS201, ME401, CS341, MA201, CS386"
STUDENT219,"ME301, CS101, CS359, CS202, ME104"
STUDENT220,"EE101, ME104, EE104, EE572, EE570"
STUDENT221,"CS389, HS201, CS102, CS386, HS301"
STUDENT222,"MA401, EE572, EE201, EE104, CS202"
STUDENT223,"CS102, CS387, MA202, EE570, ME101"
STUDENT224,"EE102, CS101, EE570, MA401, MA201"
STUDENT225,"CS386, CS202, ME633, ME101, ME401"
STUDENT226,"MA401, CS386, MA202, ME102, EE101"
STUDENT227,"ME104, ME633, CS102, EE633, MA202"
STUDENT228,"EE105, CS102, MA401, CS101, HS201"
STUDENT229,"ME401, ME633, MA401, MA202, EE201"
STUDENT230,"EE102, ME301, CS359, EE103, CS202"
STUDENT231,"EE104, ME104, ME401, CS389, MA401"
STUDENT232,"EE104, CS101, MA401, HS201, CS386"
STUDENT233,"HS201, CS101, CS102, HS301, EE101"
STUDENT234,"EE570, CS359, CS387, CS633, ME104"
STUDENT235,"CS102, CS341, CS359, EE102, EE570"
STUDENT236,"CS102, CS101, EE633, CS386, ME104"
STUDENT237,"EE572, CS101, EE201, EE633, HS201"
STUDENT238,"HS301, EE572, CS202, HS201, CS341"
STUDENT239,"EE570, CS102, CS101, ME301, EE105"
STUDENT240,"MA202, CS386, ME572, CS341, ME301"
STUDENT241,"CS359, EE633, EE102, ME401, ME301"
STUDENT242,"EE633, CS387, ME401, HS301, CS101"
STUDENT243,"EE104, CS102, CS389, CS359, CS633"
STUDENT244,"ME104, EE104, EE570, MA202, HS201"
STUDENT245,"ME102, EE570, CS387, ME301, MA401"
STUDENT246,"CS386, EE201, CS633, EE633, EE572"
STUDENT247,"ME102, EE102, CS102, CS202, CS101"
STUDENT248,"ME401, ME101, ME102, EE201, ME633"
STUDENT249,"EE570, EE201, CS386, EE633, EE101"
STUDENT250,"EE104, CS101, CS102, EE102, EE633"
STUDENT251,"EE103, EE105, CS359, EE104, CS633"
STUDENT252,"EE633, CS101, HS201, EE104, ME401"
STUDENT253,"MA202, CS387, CS101, MA401, EE101"
STUDENT254,"MA401, HS301, CS359, CS101, EE102"
STUDENT255,"MA201, CS202, EE633, HS301, CS389"
STUDENT256,"HS201, ME101, ME104, CS633, CS101"
STUDENT257,"CS101, CS633, HS301, CS341, MA201"
STUDENT258,"EE633, CS102, CS386, ME101, EE104"
STUDENT259,"EE572, EE633, EE105, EE102, ME301"
STUDENT260,"ME572, ME101, CS101, EE105, CS633"
STUDENT261,"EE633, ME301, ME104, ME633, CS341"
STUDENT262,"CS389, MA201, CS101, EE104, ME101"
STUDENT263,"CS102, EE104, ME401, EE572, CS387"
STUDENT264,"EE633, HS201, ME104, CS202, ME101"
STUDENT265,"EE102, EE104, EE570, EE105, CS359"
STUDENT266,"CS341, ME102, EE201, ME633, EE101"
STUDENT267,"EE104, CS359, CS633, EE572, CS101"
STUDENT268,"EE570, CS101, CS202, EE572, EE103"
STUDENT269,"CS633, MA201, EE105, HS301, CS387"
STUDENT270,"CS341, CS202, EE105, CS386, CS102"
STUDENT271,"CS101, EE572, MA202, EE103, CS202"
STUDENT272,"EE633, ME102, EE102, ME633, HS301"
STUDENT273,"ME102, HS201, ME101, MA202, ME401"
STUDENT274,"EE570, MA401, HS201, ME301, EE102"
STUDENT275,"CS387, HS201, EE102, EE570, CS389"
STUDENT276,"EE102, ME102, EE201, CS389, EE572"
STUDENT277,"CS202, CS102, EE103, HS301, EE105"
STUDENT278,"CS102, EE103, HS301, ME572, CS101"
STUDENT279,"ME572, HS201, MA202, EE633, EE105"
STUDENT280,"ME104, ME101, EE104, EE633, ME401"
STUDENT281,"CS101, CS359, MA201, ME104, EE570"
STUDENT282,"EE572, ME401, EE105, EE201, CS202"
STUDENT283,"EE572, ME301, EE101, HS301, EE633"
STUDENT284,"EE104, ME633, CS359, EE572, EE103"
STUDENT285,"ME104, MA202, ME572, CS101, EE105"
STUDENT286,"EE104, CS359, MA401, EE633, EE572"
STUDENT287,"ME104, CS101, CS633, CS102, MA202"
STUDENT288,"CS633, ME102, ME101, EE103, EE104"
STUDENT289,"ME301, MA202, CS102, ME102, CS341"
STUDENT290,"CS102, MA202, EE105, CS202, CS101"
STUDENT291,"ME102, CS202, ME104, EE633, ME572"
STUDENT292,"EE104, CS633, CS101, CS386, HS201"
STUDENT293,"CS102, EE570, EE103, EE102, EE101"
STUDENT294,"EE570, EE104, ME104, EE103, EE201"
STUDENT295,"CS102, EE102, MA401, EE201, EE101"
STUDENT296,"CS101, CS387, CS633, EE570, CS101"
STUDENT297,"HS201, EE572, EE105, CS386, CS633"
STUDENT298,"CS202, ME572, CS387, CS341, EE102"
STUDENT299,"EE633, CS341, HS301, CS386, CS102"
STUDENT300,"EE572, ME572, ME301, EE103, ME102"
STUDENT301,"CS202, MA401, ME104, EE103, MA202"
STUDENT302,"CS387, EE570, EE101, CS202, ME101"
STUDENT303,"EE570, EE103, MA202, EE101, EE201"
STUDENT304,"CS633, EE102, CS102, ME301, ME104"
STUDENT305,"EE570, CS387, EE201, ME401, CS389"
STUDENT306,"ME104, EE633, EE572, EE105, ME101"
STUDENT307,"HS201, CS101, EE102, CS386, ME633"
STUDENT308,"CS202, CS387, ME102, EE633, CS101"
STUDENT309,"EE105, CS102, ME572, ME101, EE633"
STUDENT310,"EE102, MA201, EE103, ME301, ME633"
STUDENT311,"MA202, EE101, ME102, ME104, CS386"
STUDENT312,"CS633, EE102, EE201, EE633, ME104"
STUDENT313,"CS202, EE570, EE572, ME104, EE201"
STUDENT314,"EE101, EE103, EE633, EE105, CS386"
STUDENT315,"CS386, CS389, EE102, EE105, ME102"
STUDENT316,"MA201, CS101, EE104, EE633, EE201"
STUDENT317,"ME101, CS389, EE633, CS101, EE104"
STUDENT318,"CS359, EE103, CS387, ME104, EE572"
STUDENT319,"EE103, MA401, EE102, CS102, HS201"
STUDENT320,"CS102, ME102, ME301, CS389, HS301"
STUDENT321,"CS386, EE633, ME401, ME301, CS341"
STUDENT322,"CS633, CS387, CS102, CS386, EE105"
STUDENT323,"CS387, CS101, EE105, CS341, EE103"
STUDENT324,"CS387, HS301, ME572, CS389, EE103"
STUDENT325,"CS101, CS102, ME301, MA202, CS387"
STUDENT326,"CS101, EE103, CS102, EE105, CS341"
STUDENT327,"ME633, EE572, CS102, HS201, EE633"
STUDENT328,"HS201, CS633, EE201, MA202, CS386"
STUDENT329,"ME401, CS387, CS102, CS633, CS102"
STUDENT330,"HS201, EE105, CS633, ME104, CS386"
STUDENT331,"EE103, CS386, CS102, EE104, CS202"
STUDENT332,"CS102, HS201, CS389, CS386, MA401"
STUDENT333,"EE101, ME633, ME104, CS101, CS341"
STUDENT334,"CS359, CS633, ME301, HS301, EE570"
STUDENT335,"CS633, CS389, CS102, ME101, ME102"
STUDENT336,"CS101, CS102, CS633, CS389, CS341"
STUDENT337,"ME633, CS102, CS101, CS202, EE633"
STUDENT338,"CS359, EE103, ME102, HS301, CS386"
STUDENT339,"HS301, MA201, EE102, CS101, ME104"
STUDENT340,"EE104, ME633, ME572, CS102, CS202"
STUDENT341,"ME633, EE101, CS386, ME102, CS101"
STUDENT342,"ME572, EE102, ME101, HS301, ME401"
STUDENT343,"MA401, ME104, ME633, CS387, EE103"
STUDENT344,"CS359, EE570, ME401, ME301, EE633"
STUDENT345,"EE102, CS102, ME401, MA401, EE572"
STUDENT346,"ME101, ME104, CS102, CS101, HS201"
STUDENT347,"EE104, ME102, CS102, EE103, CS101"
STUDENT348,"EE201, HS301, ME301, CS389, CS101"
STUDENT349,"MA201, CS359, CS101, CS202, EE572"
STUDENT350,"EE103, CS386, CS633, CS102, EE104"
STUDENT351,"ME633, HS301, ME101, EE103, EE102"
STUDENT352,"ME301, CS101, EE105, CS102, CS387"
STUDENT353,"CS633, EE633, HS301, EE101, CS101"
STUDENT354,"CS387, HS301, ME101, ME401, EE201"
STUDENT355,"CS633, HS201, CS389, ME572, EE570"
STUDENT356,"ME301, ME102, ME101, ME633, CS102"
STUDENT357,"EE201, CS341, CS389, HS301, CS387"
STUDENT358,"ME104, EE633, HS301, ME572, CS359"
STUDENT359,"MA401, HS301, CS633, ME102, CS341"
STUDENT360,"EE570, MA201, CS101, EE103, HS201"
STUDENT361,"CS359, CS386, CS101, EE105, EE633"
STUDENT362,"ME301, CS387, MA401, ME104, ME572"
STUDENT363,"ME301, MA401, CS386, ME572, EE572"
STUDENT364,"EE103, CS101, CS387, EE105, CS102"
STUDENT365,"CS633, CS101, ME572, CS101, CS202"
STUDENT366,"ME633, MA202, HS201, MA401, MA201"
STUDENT367,"CS359, CS633, CS386, ME401, CS102"
STUDENT368,"CS202, CS341, CS389, EE633, EE201"
STUDENT369,"EE101, EE201, ME102, ME101, CS359"
STUDENT370,"CS386, ME572, ME102, MA202, ME633"
STUDENT371,"CS101, EE201, EE572, ME401, ME572"
STUDENT372,"ME401, CS387, EE103, CS359, ME101"
STUDENT373,"ME101, MA201, CS359, ME633, CS386"
STUDENT374,"ME572, HS301, ME104, EE101, EE102"
STUDENT375,"CS101, ME102, MA201, CS633, EE570"
STUDENT376,"CS633, ME101, ME633, CS102, CS386"
STUDENT377,"CS386, CS102, ME101, ME633, HS301"
STUDENT378,"MA401, CS386, ME301, ME104, CS359"
STUDENT379,"MA202, EE102, ME104, ME401, CS359"
STUDENT380,"MA401, HS201, CS389, CS102, EE633"
STUDENT381,"CS101, EE102, ME401, CS101, CS202"
STUDENT382,"EE102, EE201, CS101, ME572, HS301"
STUDENT383,"CS389, ME102, CS386, HS301, CS359"
STUDENT384,"EE103, EE572, CS102, EE201, CS633"
STUDENT385,"HS301, EE572, EE104, CS389, ME401"
STUDENT386,"CS102, ME633, EE105, ME104, EE101"
STUDENT387,"EE572, ME102, CS389, HS301, EE101"
STUDENT388,"EE101, MA201, CS202, ME401, ME102"
STUDENT389,"CS633, EE633, MA202, HS201, CS101"
STUDENT390,"CS341, EE633, ME572, CS101, ME401"
STUDENT391,"CS389, CS386, CS101, HS201, EE103"
STUDENT392,"EE104, ME572, EE105, CS102, MA202"
STUDENT393,"EE570, CS359, CS101, ME572, CS341"
STUDENT394,"CS101, EE633, CS386, EE572, CS633"
STUDENT395,"CS386, CS633, ME101, MA401, CS101"
STUDENT396,"HS301, CS341, MA401, EE105, CS101"
STUDENT397,"MA202, ME301, ME102, EE103, CS202"
STUDENT398,"ME301, EE201, ME633, CS341, ME401"
STUDENT399,"CS359, HS201, ME104, CS202, CS102"
STUDENT400,"ME572, CS387, CS633, MA401, EE570"
STUDENT401,"MA401, ME102, CS101, CS389, ME104"
STUDENT402,"EE570, EE104, EE572, EE105, CS359"
STUDENT403,"EE572, ME102, EE570, CS341, CS387"
STUDENT404,"CS387, ME633, HS201, EE572, CS101"
STUDENT405,"MA201, HS301, CS633, CS102, EE572"
STUDENT406,"CS101, MA201, ME572, EE101, EE104"
STUDENT407,"EE570, ME301, MA202, CS101, HS301"
STUDENT408,"EE570, HS301, CS359, CS101, EE572"
STUDENT409,"CS101, HS201, EE572, EE104, MA202"
STUDENT410,"CS633, HS201, ME301, CS102, CS359"
STUDENT411,"EE103, EE101, HS201, MA401, CS102"
STUDENT412,"CS341, MA202, EE102, ME401, CS102"
STUDENT413,"HS201, ME401, HS301, MA201, EE572"
STUDENT414,"ME101, EE201, CS202, EE103, CS102"
STUDENT415,"EE570, ME301, EE104, ME401, CS102"
STUDENT416,"EE103, EE633, CS202, EE101, CS102"
STUDENT417,"CS102, EE105, HS301, MA201, ME104"
STUDENT418,"CS386, ME301, MA202, EE572, EE570"
STUDENT419,"ME633, EE102, ME101, CS102, ME572"
STUDENT420,"CS633, ME633, HS301, ME301, EE633"
STUDENT421,"HS201, CS633, CS341, EE633, EE104"
STUDENT422,"CS389, MA202, CS101, EE570, EE103"
STUDENT423,"MA202, EE570, ME633, CS387, ME301"
STUDENT424,"ME104, EE102, CS202, EE570, EE104"
STUDENT425,"HS201, CS101, ME104, MA401, CS386"
STUDENT426,"EE572, ME572, HS301, ME104, ME633"
STUDENT427,"CS633, ME401, ME101, HS301, HS201"
STUDENT428,"CS389, CS202, EE572, CS386, CS341"
STUDENT429,"EE570, CS359, CS387, EE633, CS341"
STUDENT430,"HS201, EE104, EE102, ME104, CS102"
STUDENT431,"CS633, EE103, ME633, EE104, EE633"
STUDENT432,"EE572, ME572, EE101, CS202, ME633"
STUDENT433,"EE572, CS389, CS633, ME102, ME104"
STUDENT434,"ME633, EE572, ME301, EE633, ME401"
STUDENT435,"ME401, CS101, CS633, EE105, CS101"
STUDENT436,"CS101, CS341, CS359, ME101, EE201"
STUDENT437,"MA202, CS387, CS102, ME102, CS101"
STUDENT438,"CS389, ME101, MA202, CS387, CS386"
STUDENT439,"CS102, ME102, EE633, ME301, EE103"
STUDENT440,"EE105, ME101, EE103, CS202, HS301"
STUDENT441,"CS386, EE570, EE103, ME104, CS359"
STUDENT442,"EE570, CS389, EE102, CS102, MA202"
STUDENT443,"CS387, CS101, CS102, EE201, ME301"
STUDENT444,"EE572, EE633, EE101, CS202, CS389"
STUDENT445,"CS101, ME102, EE633, ME101, EE103"
STUDENT446,"EE572, CS386, CS633, ME633, CS387"
STUDENT447,"CS202, CS359, MA202, CS101, CS341"
STUDENT448,"MA201, ME101, CS101, HS201, EE633"
STUDENT449,"CS202, EE201, CS387, CS101, EE105"
STUDENT450,"EE101, EE105, HS201, ME572, MA202"
STUDENT451,"EE103, ME101, EE572, ME301, MA201"
STUDENT452,"CS386, MA401, EE104, HS301, HS201"
STUDENT453,"EE570, MA202, CS387, CS341, ME102"
STUDENT454,"EE570, EE633, EE102, EE201, MA201"
STUDENT455,"CS359, ME633, EE570, CS386, HS301"
STUDENT456,"CS359, MA401, EE102, EE201, EE105"
STUDENT457,"CS101, CS387, MA202, CS101, EE201"
STUDENT458,"EE103, EE570, CS102, CS102, EE633"
STUDENT459,"ME101, EE570, CS386, CS101, CS633"
STUDENT460,"MA201, EE104, ME301, EE633, ME101"
STUDENT461,"CS389, EE570, CS387, EE201, ME301"
STUDENT462,"EE105, EE101, EE570, ME104, EE102"
STUDENT463,"CS202, CS102, CS359, MA401, EE102"
STUDENT464,"EE101, MA401, ME101, ME301, ME104"
STUDENT465,"EE570, HS201, EE101, EE105, CS202"
STUDENT466,"EE105, CS633, ME633, MA401, ME102"
STUDENT467,"CS359, CS389, CS102, EE104, ME572"
STUDENT468,"EE101, ME104, EE201, EE103, CS102"
STUDENT469,"ME102, EE102, CS102, ME104, MA202"
STUDENT470,"HS301, CS101, CS341, MA401, CS633"
STUDENT471,"CS101, CS633, ME633, ME301, EE201"
STUDENT472,"MA202, HS201, EE105, ME104, ME572"
STUDENT473,"EE105, MA401, EE101, CS102, EE570"
STUDENT474,"ME101, CS387, ME633, MA201, ME572"
STUDENT475,"CS101, CS202, EE103, ME572, CS102"
STUDENT476,"ME102, ME101, EE104, CS387, EE570"
STUDENT477,"CS387, EE633, CS101, EE102, CS389"
STUDENT478,"MA401, EE201, EE102, EE104, EE103"
STUDENT479,"CS102, EE572, CS102, MA202, EE633"
STUDENT480,"ME633, EE101, CS202, EE201, ME102"
STUDENT481,"ME102, HS201, EE102, EE105, CS101"
STUDENT482,"CS102, HS201, HS301, CS101, EE104"
STUDENT483,"EE572, EE570, EE104, CS359, CS202"
STUDENT484,"CS101, CS387, ME401, CS341, EE103"
STUDENT485,"MA201, CS202, EE103, EE633, ME101"
STUDENT486,"CS102, ME401, EE101, EE633, ME301"
STUDENT487,"CS389, CS386, CS101, ME401, CS102"
STUDENT488,"CS102, HS301, EE102, EE572, EE570"
STUDENT489,"ME633, CS386, ME301, CS389, ME572"
STUDENT490,"EE201, EE572, EE101, ME104, MA201"
STUDENT491,"EE572, CS202, EE201, MA201, MA401"
STUDENT492,"CS389, ME401, CS202, EE103, CS101"
STUDENT493,"CS202, EE104, ME401, CS101, CS102"
STUDENT494,"ME101, MA202, ME633, EE103, EE633"
STUDENT495,"EE104, EE570, EE102, CS387, EE101"
STUDENT496,"EE104, CS359, CS341, EE102, ME633"
STUDENT497,"EE105, ME301, CS101, EE101, CS387"
STUDENT498,"MA201, CS389, ME633, CS102, EE633"
STUDENT499,"EE572, CS102, CS102, ME102, CS633"
STUDENT500,"ME401, MA201, ME104, EE104, CS101"
STUDENT501,"EE102, ME101, HS301, EE105, ME102"
STUDENT502,"CS102, ME633, MA202, CS387, EE105"
STUDENT503,"ME572, EE103, EE101, CS102, CS359"
STUDENT504,"MA401, CS633, CS102, EE572, CS102"
STUDENT505,"CS633, ME401, CS101, EE105, ME102"
STUDENT506,"EE201, MA201, CS102, ME102, CS386"
STUDENT507,"EE201, CS633, CS102, CS102, HS201"
STUDENT508,"EE105, CS389, ME101, CS101, CS101"
STUDENT509,"CS387, MA201, EE101, EE633, EE103"
STUDENT510,"EE572, EE570, ME301, MA201, EE633"
STUDENT511,"EE201, EE572, CS386, HS301, CS359"
STUDENT512,"CS341, ME633, CS387, CS101, EE101"
STUDENT513,"EE633, CS389, EE104, CS359, CS387"
STUDENT514,"EE633, CS101, ME101, MA201, CS633"
STUDENT515,"EE102, MA201, ME301, EE570, ME102"
STUDENT516,"ME401, CS102, HS301, EE633, CS102"
STUDENT517,"CS101, CS633, CS202, MA401, CS102"
STUDENT518,"ME104, CS386, HS301, ME102, EE201"
STUDENT519,"CS341, HS201, EE201, EE101, EE572"
STUDENT520,"EE633, EE101, CS202, ME633, EE570"
STUDENT521,"EE572, CS101, EE104, ME301, CS386"
STUDENT522,"ME401, EE570, CS387, ME572, CS101"
STUDENT523,"CS101, CS341, EE104, CS101, EE633"
STUDENT524,"EE103, CS341, CS102, EE633, EE105"
STUDENT525,"ME401, ME101, EE105, CS202, EE633"
STUDENT526,"ME101, ME572, EE572, CS102, MA401"
STUDENT527,"ME572, MA201, EE101, EE104, CS202"
STUDENT528,"ME633, ME102, MA202, ME101, CS386"
STUDENT529,"EE101, CS102, CS633, ME104, ME633"
STUDENT530,"CS101, EE201, CS387, CS102, ME102"
STUDENT531,"EE572, CS101, CS359, MA201, ME104"
STUDENT532,"CS101, ME301, CS341, EE105, MA201"
STUDENT533,"EE572, ME401, MA202, EE102, ME301"
STUDENT534,"CS102, MA202, ME104, CS341, HS201"
STUDENT535,"ME572, CS387, EE572, EE101, CS359"
STUDENT536,"CS101, MA401, CS202, ME301, CS633"
STUDENT537,"CS341, CS102, CS202, EE633, CS102"
STUDENT538,"ME401, MA201, EE570, ME633, EE103"
STUDENT539,"EE104, ME401, EE201, EE101, ME633"
STUDENT540,"EE104, EE201, CS389, ME301, ME104"
STUDENT541,"EE201, CS102, CS101, CS389, ME401"
STUDENT542,"EE201, CS387, CS101, ME104, HS201"
STUDENT543,"EE633, CS341, MA202, EE103, ME572"
STUDENT544,"CS389, CS102, ME633, CS202, ME572"
STUDENT545,"MA202, ME401, ME301, CS341, CS102"
STUDENT546,"CS386, EE103, HS301, ME104, CS341"
STUDENT547,"ME102, ME104, MA202, EE102, MA201"
STUDENT548,"EE201, CS389, CS633, CS202, CS101"
STUDENT549,"MA202, ME633, EE105, CS359, MA401"
STUDENT550,"CS101, MA202, CS386, ME572, EE104"
STUDENT551,"CS101, CS387, MA202, CS386, CS633"
STUDENT552,"ME104, EE570, ME401, EE633, EE102"
STUDENT553,"CS102, ME301, ME572, EE101, CS633"
STUDENT554,"ME104, CS102, CS101, ME301, EE105"
STUDENT555,"CS101, CS102, ME102, ME101, MA201"
STUDENT556,"CS341, EE102, CS101, ME401, CS389"
STUDENT557,"EE102, CS341, CS633, CS102, EE103"
STUDENT558,"EE103, EE101, MA401, CS102, CS202"
STUDENT559,"MA201, CS386, MA202, EE572, CS389"
STUDENT560,"CS386, EE105, ME104, HS301, CS102"
STUDENT561,"ME101, CS386, EE102, ME401, HS201"
STUDENT562,"MA201, EE101, CS102, ME301, EE570"
STUDENT563,"EE105, EE633, EE101, CS101, ME102"
STUDENT564,"CS359, CS101, ME301, ME101, EE201"
STUDENT565,"CS633, ME633, CS386, EE101, CS202"
STUDENT566,"EE570, EE572, MA202, ME101, MA201"
STUDENT567,"EE201, ME104, ME301, EE572, HS201"
STUDENT568,"ME572, EE104, CS101, ME401, CS387"
STUDENT569,"ME633, MA201, CS633, EE101, MA401"
STUDENT570,"EE633, HS301, MA201, EE201, EE570"
STUDENT571,"CS341, CS202, EE572, EE105, ME104"
STUDENT572,"MA401, HS301, CS102, CS101, HS201"
STUDENT573,"ME101, CS633, MA201, EE101, ME104"
STUDENT574,"CS101, HS201, ME104, CS386, EE633"
STUDENT575,"EE104, ME572, EE102, EE633, CS341"
STUDENT576,"MA401, CS633, CS101, CS102, CS386"
STUDENT577,"CS102, ME572, MA201, HS201, EE201"
STUDENT578,"CS386, ME301, HS301, ME102, EE572"
STUDENT579,"EE105, ME101, EE101, CS202, CS359"
STUDENT580,"ME633, EE570, EE104, CS389, EE105"
STUDENT581,"EE104, CS202, CS389, MA202, CS101"
STUDENT582,"ME401, ME633, EE572, CS102, EE102"
STUDENT583,"MA201, CS389, ME104, CS202, EE101"
STUDENT584,"CS102, ME401, ME572, EE572, CS101"
STUDENT585,"MA202, CS389, CS386, CS102, EE104"
STUDENT586,"EE103, EE102, EE572, CS387, CS359"
STUDENT587,"EE201, CS389, EE633, ME104, ME101"
STUDENT588,"MA401, HS201, ME301, ME101, EE633"
STUDENT589,"HS301, CS359, CS387, ME633, EE103"
STUDENT590,"EE101, CS101, MA201, CS341, ME401"
STUDENT591,"ME633, CS386, CS202, ME101, CS102"
STUDENT592,"CS102, ME401, MA401, EE570, EE104"
STUDENT593,"EE572, ME572, CS101, HS301, CS102"
STUDENT594,"EE201, ME572, CS341, ME101, CS359"
STUDENT595,"CS359, MA401, ME102, EE570, EE633"
STUDENT596,"CS202, CS101, CS102, EE101, CS101"
STUDENT597,"EE105, MA201, CS202, CS633, ME104"
STUDENT598,"EE570, EE103, MA401, CS102, ME633"
STUDENT599,"ME102, EE633, CS102, EE101, CS101"
STUDENT600,"HS301, ME572, CS386, ME102, CS387"
STUDENT601,"CS389, MA201, CS386, ME102, CS102"
STUDENT602,"EE105, MA202, ME102, EE103, CS359"
STUDENT603,"CS359, ME101, EE572, EE105, EE102"
STUDENT604,"CS389, ME102, CS386, EE633, CS633"
STUDENT605,"EE105, EE572, EE102, CS387, ME401"
STUDENT606,"EE633, ME401, ME101, CS102, EE102"
STUDENT607,"CS633, MA401, CS389, EE103, EE102"
STUDENT608,"CS341, HS301, EE570, EE104, EE105"
STUDENT609,"CS359, ME301, EE103, ME401, ME572"
STUDENT610,"MA401, CS389, ME101, EE570, MA202"
STUDENT611,"ME301, CS359, EE105, CS387, MA201"
STUDENT612,"CS101, HS201, CS341, CS101, CS202"
STUDENT613,"MA201, CS341, EE572, MA401, EE102"
STUDENT614,"EE104, HS201, MA201, HS301, CS359"
STUDENT615,"EE572, EE101, CS387, EE570, EE102"
STUDENT616,"EE105, EE104, CS633, EE201, MA401"
STUDENT617,"HS201, ME301, CS101, EE103, EE105"
STUDENT618,"MA201, CS359, CS102, ME301, ME102"
STUDENT619,"CS386, CS389, EE201, MA401, CS101"
STUDENT620,"MA202, CS102, ME401, EE201, EE101"
STUDENT621,"CS359, EE633, ME104, EE104, CS386"
STUDENT622,"CS102, MA401, CS386, CS341, CS101"
STUDENT623,"EE201, CS341, HS301, MA401, CS101"
STUDENT624,"ME401, ME572, EE103, ME633, CS102"
STUDENT625,"CS102, EE103, CS101, CS202, EE572"
STUDENT626,"ME572, ME102, MA201, HS301, ME633"
STUDENT627,"EE633, CS387, EE101, HS301, EE572"
STUDENT628,"EE633, CS202, CS101, MA201, EE570"
STUDENT629,"EE104, CS102, CS359, ME101, MA201"
STUDENT630,"CS633, ME572, CS341, EE572, HS201"
STUDENT631,"CS387, CS389, CS101, ME101, CS101"
STUDENT632,"MA202, EE104, CS102, EE570, HS201"
STUDENT633,"CS359, EE102, CS341, ME633, ME572"
STUDENT634,"ME104, EE104, HS201, CS202, ME633"
STUDENT635,"EE201, CS387, CS202, EE104, ME101"
STUDENT636,"CS633, ME401, ME104, EE633, ME101"
STUDENT637,"EE105, EE572, EE201, CS101, EE104"
STUDENT638,"ME633, EE101, ME301, CS389, CS359"
STUDENT639,"ME572, ME101, MA202, ME104, EE104"
STUDENT640,"EE104, ME633, CS102, ME104, CS359"
STUDENT641,"CS101, MA401, ME101, ME104, CS386"
STUDENT642,"ME401, CS389, EE101, ME104, ME101"
STUDENT643,"EE103, ME572, CS341, CS389, MA202"
STUDENT644,"ME401, EE103, ME102, HS201, EE201"
STUDENT645,"EE105, EE201, EE570, MA401, ME101"
STUDENT646,"MA202, CS341, EE104, CS359, CS389"
STUDENT647,"ME633, CS202, CS386, HS201, ME104"
STUDENT648,"ME572, EE201, CS101, CS341, EE570"
STUDENT649,"CS102, MA202, EE104, HS301, CS359"
STUDENT650,"EE570, ME572, ME102, ME301, CS359"
STUDENT651,"CS341, CS633, EE105, ME633, EE201"
STUDENT652,"EE102, EE201, MA202, HS201, ME101"
STUDENT653,"EE104, ME102, CS102, EE105, CS359"
STUDENT654,"ME102, ME101, EE101, ME104, CS389"
STUDENT655,"CS102, CS359, MA401, EE633, ME401"
STUDENT656,"EE201, EE570, CS359, CS102, EE105"
STUDENT657,"EE633, EE104, EE570, CS102, EE102"
STUDENT658,"CS102, EE102, EE201, CS202, EE103"
STUDENT659,"EE102, ME104, EE103, ME101, CS359"
STUDENT660,"CS202, CS101, EE633, CS359, EE105"
STUDENT661,"ME572, EE103, ME101, EE570, ME102"
STUDENT662,"CS389, CS387, CS102, EE201, EE105"
STUDENT663,"MA401, CS202, ME633, ME401, EE103"
STUDENT664,"CS359, EE633, CS102, EE101, CS389"
STUDENT665,"ME104, MA201, EE572, CS633, EE201"
STUDENT666,"ME401, EE201, ME633, EE572, MA202"
STUDENT667,"CS102, EE201, ME633, EE572, CS101"
STUDENT668,"EE633, HS201, CS101, EE104, MA202"
STUDENT669,"EE570, MA202, EE102, EE201, CS202"
STUDENT670,"ME104, ME572, CS101, HS301, CS387"
STUDENT671,"CS387, CS101, CS102, HS201, MA202"
STUDENT672,"EE201, EE570, CS386, EE103, EE633"
STUDENT673,"EE201, CS101, CS386, ME401, ME104"
STUDENT674,"CS633, EE102, EE572, ME104, EE101"
STUDENT675,"EE101, MA401, HS201, CS386, CS341"
STUDENT676,"EE104, ME102, ME633, CS202, MA202"
STUDENT677,"CS359, ME633, CS341, HS201, CS387"
STUDENT678,"MA202, EE104, ME104, CS102, EE103"
STUDENT679,"MA202, HS301, CS386, EE105, ME633"
STUDENT680,"EE572, EE102, EE104, ME633, EE570"
STUDENT681,"CS102, ME401, CS341, CS359, EE102"
STUDENT682,"ME104, CS633, CS101, MA401, ME301"
STUDENT683,"CS202, ME104, CS102, CS633, ME401"
STUDENT684,"EE105, EE104, CS633, EE201, ME633"
STUDENT685,"HS201, ME572, EE101, CS387, EE102"
STUDENT686,"ME633, EE201, CS389, CS359, EE104"
STUDENT687,"HS201, ME633, CS359, CS102, MA201"
STUDENT688,"CS387, CS202, HS201, HS301, EE572"
STUDENT689,"CS101, ME101, EE101, EE572, ME572"
STUDENT690,"EE201, EE104, CS202, EE105, CS359"
STUDENT691,"ME633, EE103, CS341, EE633, EE102"
STUDENT692,"CS386, CS389, EE633, EE102, CS101"
STUDENT693,"CS387, ME401, HS201, MA201, EE201"
STUDENT694,"EE572, CS633, EE104, ME401, ME572"
STUDENT695,"HS301, HS201, ME102, EE633, CS102"
STUDENT696,"ME102, EE101, EE104, MA202, CS386"
STUDENT697,"EE104, ME633, EE570, MA401, CS341"
STUDENT698,"EE201, EE633, MA401, EE570, CS102"
STUDENT699,"EE102, ME102, MA201, EE201, ME104"
STUDENT700,"ME572, ME104, EE572, HS301, CS633"
STUDENT701,"CS359, EE105, EE572, EE633, ME102"
STUDENT702,"CS341, CS101, CS202, EE105, CS102"
STUDENT703,"EE103, ME104, CS102, EE570, CS633"
STUDENT704,"MA202, ME104, CS102, EE103, MA401"
STUDENT705,"ME572, EE105, ME401, EE633, CS386"
STUDENT706,"EE572, CS202, EE633, CS359, ME401"
STUDENT707,"ME104, ME301, ME633, EE105, MA401"
STUDENT708,"EE105, HS301, CS387, CS102, ME102"
STUDENT709,"EE572, CS389, EE101, CS101, CS102"
STUDENT710,"MA401, CS387, ME572, CS101, CS359"
STUDENT711,"EE105, CS102, CS202, HS301, CS633"
STUDENT712,"MA201, ME102, ME301, MA202, HS301"
STUDENT713,"CS102, EE201, EE104, ME572, MA201"
STUDENT714,"EE104, MA201, MA202, EE201, EE570"
STUDENT715,"EE633, CS387, EE201, CS389, EE102"
STUDENT716,"CS389, CS101, CS341, MA201, EE102"
STUDENT717,"EE104, EE201, MA401, HS201, CS387"
STUDENT718,"HS301, CS102, MA202, EE101, ME301"
STUDENT719,"CS386, CS359, MA201, EE105, CS389"
STUDENT720,"CS341, EE201, EE104, CS101, ME401"
STUDENT721,"CS341, MA201, CS389, HS201, CS359"
STUDENT722,"EE102, CS101, EE633, CS633, ME102"
STUDENT723,"EE104, CS389, CS101, ME104, EE103"
STUDENT724,"CS387, MA201, ME101, CS359, CS102"
STUDENT725,"MA401, CS389, ME401, CS633, CS387"
STUDENT726,"ME101, CS202, CS102, HS201, ME102"
STUDENT727,"EE633, CS389, HS301, ME301, CS102"
STUDENT728,"EE201, CS359, CS389, EE572, CS386"
STUDENT729,"CS386, ME633, MA401, HS201, CS102"
STUDENT730,"ME633, CS341, EE105, CS389, ME101"
STUDENT731,"CS633, EE201, ME633, EE572, CS341"
STUDENT732,"CS101, CS341, EE572, CS387, HS301"
STUDENT733,"EE633, ME633, EE102, CS387, HS301"
STUDENT734,"CS102, HS201, ME633, EE633, CS387"
STUDENT735,"EE201, ME572, EE104, MA202, EE105"
STUDENT736,"ME301, CS387, MA201, ME102, CS359"
STUDENT737,"ME633, CS102, ME572, EE201, EE633"
STUDENT738,"ME101, CS102, ME633, EE105, EE633"
STUDENT739,"CS386, CS633, CS202, EE102, CS389"
STUDENT740,"EE105, CS202, MA202, EE104, EE103"
STUDENT741,"CS102, EE633, EE572, EE104, CS389"
STUDENT742,"ME104, HS301, EE572, ME102, ME633"
STUDENT743,"MA201, ME301, MA401, ME401, CS102"
STUDENT744,"CS387, CS386, HS301, CS633, MA401"
STUDENT745,"EE101, EE572, CS341, HS201, CS386"
STUDENT746,"ME572, CS102, CS341, CS101, EE572"
STUDENT747,"EE633, CS633, CS102, ME101, CS341"
STUDENT748,"CS387, EE633, CS386, EE570, EE101"
STUDENT749,"ME104, EE633, ME633, CS102, CS633"
STUDENT750,"EE103, MA202, ME104, ME401, ME301"
STUDENT751,"EE102, EE101, EE201, ME104, ME102"
STUDENT752,"ME633, ME401, CS389, MA202, EE101"
STUDENT753,"EE103, HS201, EE105, MA202, ME104"
STUDENT754,"CS389, ME104, CS102, CS341, EE102"
STUDENT755,"CS202, MA201, EE570, HS301, ME401"
STUDENT756,"CS102, EE102, ME572, ME301, CS341"
STUDENT757,"EE104, ME102, HS201, MA202, CS102"
STUDENT758,"CS389, ME301, HS301, HS201, CS101"
STUDENT759,"ME102, HS301, MA202, CS359, CS633"
STUDENT760,"CS101, MA201, ME401, CS341, ME301"
STUDENT761,"CS102, EE103, EE201, EE104, CS387"
STUDENT762,"CS101, EE572, ME301, CS202, EE101"
STUDENT763,"ME101, EE570, ME301, CS102, EE102"
STUDENT764,"CS386, CS389, CS359, MA201, ME104"
STUDENT765,"CS101, EE104, MA401, ME301, EE201"
STUDENT766,"EE103, HS201, CS102, HS301, EE201"
STUDENT767,"HS201, MA401, CS387, EE201, ME102"
STUDENT768,"EE570, ME104, EE101, EE103, EE105"
STUDENT769,"CS101, EE572, MA401, MA202, ME572"
STUDENT770,"ME101, CS359, EE103, EE102, EE570"
STUDENT771,"CS102, ME572, EE102, CS202, HS201"
STUDENT772,"CS341, EE633, MA202, CS102, CS101"
STUDENT773,"ME102, EE105, CS101, EE201, ME401"
STUDENT774,"MA202, CS387, EE103, CS101, CS202"
STUDENT775,"MA201, MA202, ME401, ME633, ME101"
STUDENT776,"CS101, EE633, CS359, ME401, CS102"
STUDENT777,"ME301, CS202, EE105, CS359, ME102"
STUDENT778,"CS359, CS389, ME572, EE633, ME101"
STUDENT779,"ME104, HS201, EE105, EE201, ME572"
STUDENT780,"CS633, EE201, ME301, HS301, MA201"
STUDENT781,"ME102, EE201, CS386, HS201, CS389"
STUDENT782,"MA201, CS341, EE104, CS389, MA202"
STUDENT783,"CS101, ME301, EE103, EE102, EE572"
STUDENT784,"MA202, EE101, EE570, HS301, CS202"
STUDENT785,"ME104, EE201, CS633, CS386, CS359"
STUDENT786,"ME633, CS387, CS102, EE570, CS386"
STUDENT787,"ME101, ME633, EE201, EE104, CS202"
STUDENT788,"CS341, MA202, EE103, ME101, EE104"
STUDENT789,"ME104, CS341, EE572, EE104, MA401"
STUDENT790,"ME401, EE104, CS633, EE570, EE201"
STUDENT791,"CS387, CS101, ME102, HS201, ME572"
STUDENT792,"EE201, MA201, CS202, CS102, ME301"
STUDENT793,"CS389, CS202, ME301, HS301, MA401"
STUDENT794,"CS341, MA201, EE104, ME101, ME104"
STUDENT795,"CS101, CS633, EE101, MA202, EE104"
STUDENT796,"ME633, EE572, EE101, CS202, EE201"
STUDENT797,"CS359, MA202, ME401, CS389, CS633"
STUDENT798,"CS359, EE102, EE105, EE103, ME401"
STUDENT799,"CS633, CS387, EE104, CS389, EE201"
STUDENT800,"ME104, HS201, CS101, EE103, ME572"
STUDENT801,"MA201, CS102, EE572, CS101, CS102"
STUDENT802,"CS202, EE103, ME572, EE633, EE201"
STUDENT803,"ME102, EE103, CS389, CS101, HS301"
STUDENT804,"ME401, MA202, MA201, EE103, CS101"
STUDENT805,"ME572, EE201, EE104, ME301, HS301"
STUDENT806,"ME104, HS201, CS202, CS359, CS389"
STUDENT807,"CS359, CS102, CS386, CS101, MA401"
STUDENT808,"EE104, ME572, MA202, CS359, EE570"
STUDENT809,"CS387, ME401, EE104, ME301, EE105"
STUDENT810,"CS386, MA202, CS341, EE201, ME572"
STUDENT811,"HS301, MA202, EE572, EE103, CS341"
STUDENT812,"CS102, ME572, CS101, CS359, EE101"
STUDENT813,"CS101, EE104, ME633, ME301, CS101"
STUDENT814,"CS341, MA202, EE570, CS359, CS633"
STUDENT815,"ME102, CS386, MA401, CS633, CS101"
STUDENT816,"CS389, CS202, EE201, EE633, HS201"
STUDENT817,"HS201, EE570, EE105, CS633, EE102"
STUDENT818,"CS101, MA202, ME572, MA401, ME101"
STUDENT819,"EE103, MA201, CS102, EE570, ME633"
STUDENT820,"ME633, ME101, EE105, CS389, CS101"
STUDENT821,"CS101, CS633, CS102, EE102, HS301"
STUDENT822,"CS101, CS341, EE103, CS102, CS359"
STUDENT823,"ME401, EE104, MA401, MA202, ME572"
STUDENT824,"MA201, EE102, CS359, EE201, EE105"
STUDENT825,"CS359, CS633, CS102, HS301, ME104"
STUDENT826,"CS633, EE104, MA401, CS341, ME401"
STUDENT827,"EE103, ME102, EE101, CS387, HS201"
STUDENT828,"ME104, CS101, EE633, ME101, CS102"
STUDENT829,"ME301, EE633, EE572, MA202, CS359"
STUDENT830,"CS101, CS389, EE201, ME101, EE570"
STUDENT831,"CS386, CS389, CS387, CS202, ME572"
STUDENT832,"EE570, HS301, CS101, EE105, EE572"
STUDENT833,"HS201, EE101, MA401, EE104, EE105"
STUDENT834,"CS633, CS359, EE572, ME101, ME102"
STUDENT835,"EE201, CS202, EE102, EE103, CS359"
STUDENT836,"ME301, CS359, EE201, ME101, CS102"
STUDENT837,"EE101, HS201, EE201, CS341, CS101"
STUDENT838,"CS633, ME102, MA201, CS101, HS201"
STUDENT839,"CS102, CS101, MA202, ME101, MA401"
STUDENT840,"CS101, CS202, ME101, CS633, CS386"
STUDENT841,"ME301, CS101, CS341, MA202, EE101"
STUDENT842,"ME301, EE572, ME401, MA401, CS341"
STUDENT843,"EE633, CS341, EE105, HS301, CS387"
STUDENT844,"CS359, HS301, ME102, EE572, ME633"
STUDENT845,"CS389, HS201, CS359, EE105, ME633"
STUDENT846,"CS202, HS201, EE201, CS341, ME102"
STUDENT847,"CS387, EE633, CS102, ME301, ME572"
STUDENT848,"EE102, CS101, MA201, CS101, CS389"
STUDENT849,"EE102, EE201, ME102, CS102, EE101"
STUDENT850,"ME104, ME633, ME572, EE101, CS102"
STUDENT851,"ME572, ME102, MA202, ME401, CS102"
STUDENT852,"MA201, EE633, CS633, EE570, CS341"
STUDENT853,"ME401, ME572, ME301, EE633, MA401"
STUDENT854,"ME572, CS101, ME101, ME301, EE105"
STUDENT855,"CS359, EE103, HS301, CS387, CS386"
STUDENT856,"EE102, CS387, EE633, MA202, EE201"
STUDENT857,"ME633, HS201, CS202, CS101, CS386"
STUDENT858,"HS201, ME101, EE201, CS341, EE570"
STUDENT859,"EE201, HS301, CS341, ME633, EE101"
STUDENT860,"ME102, CS359, HS201, HS301, CS341"
STUDENT861,"EE633, ME633, CS359, ME101, HS301"
STUDENT862,"EE104, CS386, ME633, HS201, EE572"
STUDENT863,"CS102, ME633, ME301, CS101, EE104"
STUDENT864,"MA202, ME101, ME633, HS201, CS341"
STUDENT865,"ME301, EE101, MA202, CS202, EE103"
STUDENT866,"MA201, HS201, MA401, EE102, ME101"
STUDENT867,"CS102, CS101, CS387, CS101, MA401"
STUDENT868,"MA202, EE572, EE101, HS301, CS386"
STUDENT869,"CS387, EE103, CS102, MA401, EE633"
STUDENT870,"EE633, CS633, EE103, HS201, CS387"
STUDENT871,"HS301, CS633, EE102, ME101, CS101"
STUDENT872,"HS301, ME102, EE103, CS389, CS387"
STUDENT873,"CS387, CS359, EE101, MA202, HS201"
STUDENT874,"ME101, HS301, EE572, MA201, CS359"
STUDENT875,"CS386, HS201, EE104, ME572, EE103"
STUDENT876,"CS202, ME101, HS201, MA201, EE104"
STUDENT877,"MA401, EE105, ME102, EE572, CS202"
STUDENT878,"CS387, CS389, EE201, ME102, ME401"
STUDENT879,"CS386, EE104, CS389, MA401, CS101"
STUDENT880,"EE572, CS101, CS202, ME301, ME102"
STUDENT881,"CS389, CS102, ME104, EE633, ME633"
STUDENT882,"CS387, EE570, CS101, EE201, ME101"
STUDENT883,"HS301, EE103, CS341, CS389, ME301"
STUDENT884,"ME572, CS389, ME104, ME633, CS101"
STUDENT885,"EE201, HS301, EE104, ME401, ME301"
STUDENT886,"MA202, CS633, CS387, EE633, ME101"
STUDENT887,"EE104, EE101, CS102, ME572, EE570"
STUDENT888,"EE102, CS101, CS202, CS389, MA202"
STUDENT889,"MA401, CS102, CS386, MA201, ME572"
STUDENT890,"CS341, CS101, CS633, EE101, ME301"
STUDENT891,"MA202, EE104, CS101, ME102, EE572"
STUDENT892,"CS102, CS633, HS201, EE570, ME101"
STUDENT893,"EE105, CS386, EE201, EE102, EE633"
STUDENT894,"CS389, EE103, EE633, ME102, CS101"
STUDENT895,"HS201, CS341, ME101, CS101, CS359"
STUDENT896,"ME572, EE572, HS201, EE101, EE103"
STUDENT897,"CS633, HS301, ME401, CS202, CS101"
STUDENT898,"CS633, CS386, EE570, ME101, CS202"
STUDENT899,"CS102, MA202, CS341, ME102, MA201"
STUDENT900,"ME104, CS202, CS101, ME301, ME101"
STUDENT901,"CS389, CS633, ME102, ME633, CS101"
STUDENT902,"CS102, EE572, HS201, MA401, EE103"
STUDENT903,"ME104, CS633, CS102, ME101, CS341"
STUDENT904,"HS301, EE102, EE105, ME633, EE201"
STUDENT905,"EE102, MA202, MA201, CS387, CS386"
STUDENT906,"HS301, MA202, CS101, CS102, ME301"
STUDENT907,"ME401, EE104, MA401, MA201, EE103"
STUDENT908,"ME401, CS341, CS102, HS301, CS202"
STUDENT909,"CS101, EE104, ME572, CS633, HS201"
STUDENT910,"EE105, ME633, ME104, HS301, CS102"
STUDENT911,"CS389, ME633, CS102, CS387, CS341"
STUDENT912,"CS386, MA202, EE104, EE633, CS359"
STUDENT913,"CS202, ME101, EE570, CS101, EE102"
STUDENT914,"CS359, EE102, MA401, EE105, EE201"
STUDENT915,"ME633, CS102, HS301, HS201, CS101"
STUDENT916,"EE105, ME104, CS386, CS633, CS389"
STUDENT917,"ME401, CS341, MA401, EE105, CS633"
STUDENT918,"CS633, CS359, HS301, EE103, EE201"
STUDENT919,"CS102, CS102, ME572, CS633, EE572"
STUDENT920,"EE104, ME301, ME102, MA202, ME572"
STUDENT921,"ME572, ME301, CS101, CS102, CS386"
STUDENT922,"ME101, EE103, EE201, EE570, EE572"
STUDENT923,"CS101, EE633, EE104, ME633, EE570"
STUDENT924,"EE633, CS389, CS386, EE572, MA202"
STUDENT925,"CS102, EE101, ME101, CS202, ME301"
STUDENT926,"EE572, EE102, ME102, EE201, ME401"
STUDENT927,"EE570, EE104, EE102, MA201, EE201"
STUDENT928,"MA202, EE104, CS102, ME101, EE572"
STUDENT929,"EE104, EE633, CS102, CS359, CS202"
STUDENT930,"HS201, EE201, CS101, CS389, CS202"
STUDENT931,"MA202, ME104, EE570, CS389, EE101"
STUDENT932,"CS202, ME104, HS201, CS389, MA201"
STUDENT933,"EE572, CS101, MA202, CS633, ME104"
STUDENT934,"ME104, EE570, CS387, CS386, EE102"
STUDENT935,"MA401, ME104, HS201, CS101, EE104"
STUDENT936,"HS201, EE101, CS389, CS359, CS102"
STUDENT937,"EE201, MA401, CS386, CS101, EE102"
STUDENT938,"CS101, CS389, ME101, ME301, CS386"
STUDENT939,"ME401, MA202, EE201, EE102, CS202"
STUDENT940,"CS101, HS301, CS102, MA401, CS386"
STUDENT941,"CS101, ME572, EE633, CS359, EE572"
STUDENT942,"CS341, HS201, CS202, ME401, ME572"
STUDENT943,"HS301, MA202, CS101, CS101, MA401"
STUDENT944,"EE633, EE101, CS101, HS301, CS101"
STUDENT945,"CS389, ME101, ME572, HS201, ME633"
STUDENT946,"EE101, MA202, ME572, EE103, CS387"
STUDENT947,"CS386, ME101, EE572, CS389, HS201"
STUDENT948,"EE633, EE105, EE103, EE101, CS202"
STUDENT949,"EE201, EE105, ME101, EE104, EE570"
STUDENT950,"EE101, EE572, CS389, ME104, ME101"
STUDENT951,"EE633, EE104, HS201, MA202, EE103"
STUDENT952,"EE101, EE572, CS202, HS301, CS386"
STUDENT953,"ME101, CS202, ME633, CS102, CS633"
STUDENT954,"EE201, HS201, CS387, EE105, CS202"
STUDENT955,"HS201, EE102, EE633, ME102, EE572"
STUDENT956,"ME572, EE570, MA202, CS202, MA401"
STUDENT957,"CS633, MA202, ME102, MA401, EE201"
STUDENT958,"CS101, ME104, CS341, ME102, CS102"
STUDENT959,"ME572, EE570, ME104, CS389, EE572"
STUDENT960,"ME301, EE105, MA202, EE570, ME102"
STUDENT961,"CS386, CS101, ME101, ME633, EE101"
STUDENT962,"ME572, EE633, EE102, ME401, CS389"
STUDENT963,"ME572, CS359, EE633, ME301, HS201"
STUDENT964,"ME104, CS101, EE570, EE101, ME101"
STUDENT965,"EE570, ME401, ME301, EE101, CS102"
STUDENT966,"EE570, EE104, CS389, EE102, CS341"
STUDENT967,"CS101, EE104, HS201, CS359, ME101"
STUDENT968,"ME101, CS341, CS359, CS389, MA401"
STUDENT969,"ME104, ME101, ME633, CS202, HS201"
STUDENT970,"ME101, EE201, EE572, EE104, EE570"
STUDENT971,"CS341, MA202, CS102, EE103, EE572"
STUDENT972,"EE104, ME401, ME104, CS202, ME633"
STUDENT973,"MA401, ME301, MA202, CS101, ME633"
STUDENT974,"CS102, MA201, MA401, EE570, CS386"
STUDENT975,"CS102, HS201, CS101, ME401, EE570"
STUDENT976,"EE101, ME104, ME301, CS101, CS389"
STUDENT977,"EE103, CS202, ME102, ME633, CS386"
STUDENT978,"MA202, CS386, CS389, ME301, HS301"
STUDENT979,"ME102, CS633, HS201, CS101, HS301"
STUDENT980,"MA201, EE103, ME101, EE633, EE102"
STUDENT981,"EE101, HS301, EE570, ME104, ME633"
STUDENT982,"EE102, EE104, CS101, EE633, EE572"
STUDENT983,"EE104, ME401, CS387, MA401, EE101"
STUDENT984,"HS301, MA201, CS341, ME104, CS102"
STUDENT985,"HS301, EE570, ME101, ME104, CS359"
STUDENT986,"CS341, HS301, CS101, HS201, ME401"
STUDENT987,"EE104, ME301, ME101, CS202, ME633"
STUDENT988,"EE570, CS389, CS101, EE101, MA202"
STUDENT989,"EE102, CS386, CS202, MA201, MA401"
STUDENT990,"CS102, HS301, CS341, EE570, ME572"
STUDENT991,"EE633, MA401, CS359, ME104, CS386"
STUDENT992,"EE104, EE102, MA201, CS633, CS101"
STUDENT993,"CS633, EE572, CS102, EE570, ME104"
STUDENT994,"ME101, ME572, CS101, MA401, ME633"
STUDENT995,"EE105, CS202, ME633, CS387, MA201"
STUDENT996,"CS101, EE103, CS389, ME104, CS101"
STUDENT997,"EE105, EE103, CS202, EE104, HS301"
STUDENT998,"HS301, CS102, EE570, EE104, ME301"
STUDENT999,"HS301, EE201, CS341, ME301, ME101"
STUDENT1000,"CS359, ME401, EE103, CS102, ME301"
STUDENT1001,"EE570, MA202, EE633, CS359, CS101"
STUDENT1002,"EE633, ME104, ME102, ME301, HS301"
STUDENT1003,"CS359, CS102, EE201, ME572, HS301"
STUDENT1004,"MA401, ME401, EE101, ME572, EE102"
STUDENT1005,"CS101, ME572, HS201, CS102, CS386"
STUDENT1006,"CS389, CS102, ME104, EE105, ME633"
STUDENT1007,"CS101, HS301, MA401, EE103, CS102"
STUDENT1008,"MA401, CS101, ME104, EE201, ME102"
STUDENT1009,"EE102, ME301, CS101, EE633, MA202"
STUDENT1010,"EE572, CS359, EE570, EE633, ME104"
STUDENT1011,"CS359, EE570, CS101, CS102, ME102"
STUDENT1012,"ME301, CS386, CS389, CS341, EE201"
STUDENT1013,"CS102, ME104, EE633, ME102, EE572"
STUDENT1014,"EE103, HS301, HS201, EE102, MA201"
STUDENT1015,"EE103, EE104, EE201, HS201, EE572"
STUDENT1016,"ME572, CS102, MA401, HS301, EE101"
STUDENT1017,"CS102, CS359, HS301, CS202, ME572"
STUDENT1018,"HS201, ME101, EE104, ME301, EE572"
STUDENT1019,"MA201, CS341, HS301, ME401, EE572"
STUDENT1020,"EE105, EE570, CS202, EE101, CS386"
STUDENT1021,"MA401, CS101, EE104, HS201, ME101"
STUDENT1022,"CS102, ME101, EE101, CS386, HS301"
STUDENT1023,"ME102, ME301, MA401, ME104, MA201"
STUDENT1024,"CS101, MA202, ME401, ME101, ME104"
STUDENT1025,"EE102, EE633, EE201, CS102, CS202"
STUDENT1026,"EE104, ME572, ME633, MA202, MA401"
STUDENT1027,"EE101, ME104, EE201, MA202, ME572"
STUDENT1028,"HS201, EE105, EE102, CS341, ME633"
STUDENT1029,"ME301, ME102, CS387, EE201, EE570"
STUDENT1030,"CS202, CS102, ME633, ME102, EE105"
STUDENT1031,"CS387, ME401, EE572, EE103, EE101"
STUDENT1032,"CS202, ME102, CS341, CS359, EE570"
STUDENT1033,"CS386, ME633, CS101, EE104, MA201"
STUDENT1034,"CS341, CS359, CS101, CS101, ME104"
STUDENT1035,"HS301, EE570, CS202, EE104, CS101"
STUDENT1036,"MA202, ME101, EE633, EE103, CS359"
STUDENT1037,"CS341, CS359, HS301, ME301, ME101"
STUDENT1038,"EE105, ME401, MA201, EE572, EE101"
STUDENT1039,"EE101, MA201, ME401, EE201, CS341"
STUDENT1040,"EE101, ME633, CS101, EE105, HS201"
STUDENT1041,"CS633, ME104, CS341, MA202, CS101"
STUDENT1042,"ME102, HS201, EE633, CS389, CS101"
STUDENT1043,"CS102, ME572, EE201, CS341, EE570"
STUDENT1044,"ME101, CS101, EE633, ME572, CS202"
STUDENT1045,"CS102, CS101, ME101, CS102, EE572"
STUDENT1046,"CS386, EE102, CS102, EE633, HS301"
STUDENT1047,"ME102, EE105, EE104, EE572, CS389"
STUDENT1048,"CS389, EE101, MA401, CS633, HS201"
STUDENT1049,"CS633, ME401, CS101, EE104, MA201"
STUDENT1050,"ME102, EE633, EE103, EE572, EE104"
STUDENT1051,"EE103, ME104, HS301, EE101, CS202"
STUDENT1052,"HS201, CS341, EE103, ME102, EE633"
STUDENT1053,"HS201, ME401, EE572, EE104, CS101"
STUDENT1054,"ME101, EE633, HS201, ME104, CS102"
STUDENT1055,"ME101, CS387, CS102, ME104, ME633"
STUDENT1056,"CS359, ME572, EE633, CS102, CS389"
STUDENT1057,"CS389, ME401, HS201, ME104, EE633"
STUDENT1058,"EE201, ME572, CS202, EE102, CS359"
STUDENT1059,"HS301, EE201, EE105, EE572, EE101"
STUDENT1060,"EE572, EE570, CS386, ME572, ME301"
STUDENT1061,"CS101, EE102, EE201, ME101, CS359"
STUDENT1062,"CS101, EE103, CS389, EE633, EE101"
STUDENT1063,"CS102, EE101, ME102, MA201, CS386"
STUDENT1064,"EE101, CS202, ME633, CS387, CS101"
STUDENT1065,"CS389, MA201, EE103, EE101, CS633"
STUDENT1066,"MA401, ME301, CS387, MA202, CS633"
STUDENT1067,"ME572, ME301, ME401, CS359, CS633"
STUDENT1068,"EE572, EE201, EE103, ME301, ME104"
STUDENT1069,"MA201, ME104, MA202, CS102, CS102"
STUDENT1070,"EE633, MA202, HS301, ME572, CS359"
STUDENT1071,"CS389, CS102, EE105, MA401, EE103"
STUDENT1072,"EE102, HS201, CS386, EE103, CS101"
STUDENT1073,"EE104, ME401, CS341, ME102, EE105"
STUDENT1074,"CS102, CS102, EE105, HS301, EE572"
STUDENT1075,"ME101, EE105, MA201, HS201, ME301"
STUDENT1076,"ME104, EE101, CS101, MA202, EE103"
STUDENT1077,"ME633, CS387, MA202, CS633, ME104"
STUDENT1078,"EE104, CS633, ME633, CS101, CS102"
STUDENT1079,"CS102, ME301, CS387, EE572, EE103"
STUDENT1080,"CS341, EE105, EE570, MA202, ME301"
STUDENT1081,"EE103, ME633, CS202, HS301, CS633"
STUDENT1082,"ME572, CS202, MA401, ME104, MA201"
STUDENT1083,"MA201, EE201, EE102, CS359, ME572"
STUDENT1084,"EE102, CS389, MA202, ME104, EE633"
STUDENT1085,"CS359, CS389, ME101, HS301, CS387"
STUDENT1086,"CS102, ME572, ME104, CS341, CS386"
STUDENT1087,"CS386, HS201, ME572, MA401, EE104"
STUDENT1088,"ME633, EE201, MA201, HS201, EE101"
STUDENT1089,"ME401, CS359, EE102, EE572, CS341"
STUDENT1090,"MA202, CS359, HS201, ME301, EE633"
STUDENT1091,"ME102, CS387, CS202, HS301, EE102"
STUDENT1092,"ME104, EE101, CS387, MA401, CS359"
STUDENT1093,"ME102, CS389, ME301, HS301, MA201"
STUDENT1094,"ME102, EE101, MA202, CS101, CS202"
STUDENT1095,"ME101, EE572, EE104, CS341, CS102"
STUDENT1096,"EE101, EE572, ME633, CS359, EE570"
STUDENT1097,"MA201, CS389, EE104, ME104, ME101"
STUDENT1098,"CS633, ME102, MA202, EE201, ME101"
STUDENT1099,"EE572, CS102, CS389, EE105, EE101"
STUDENT1100,"CS386, EE572, ME633, ME401, MA201"
STUDENT1101,"ME572, ME102, EE201, HS301, CS359"
STUDENT1102,"CS386, CS202, CS101, ME572, ME102"
STUDENT1103,"ME102, CS389, ME301, CS101, ME633"
STUDENT1104,"EE572, HS201, CS202, CS101, ME104"
STUDENT1105,"CS359, EE633, ME102, HS301, EE105"
STUDENT1106,"ME633, CS387, MA401, CS102, CS101"
STUDENT1107,"CS633, EE633, ME104, CS202, EE101"
STUDENT1108,"ME401, MA201, ME301, ME633, CS389"
STUDENT1109,"ME633, MA201, EE105, CS633, CS102"
STUDENT1110,"MA202, CS386, ME572, HS301, CS102"
STUDENT1111,"EE105, CS102, CS633, ME102, EE101"
STUDENT1112,"EE570, EE102, EE633, EE201, HS301"
STUDENT1113,"MA201, CS386, EE105, ME102, EE101"
STUDENT1114,"ME572, ME633, ME104, MA201, CS102"
STUDENT1115,"CS101, CS633, EE103, ME301, HS301"
STUDENT1116,"ME401, EE201, CS633, EE105, ME104"
STUDENT1117,"MA201, CS386, EE105, CS101, ME301"
STUDENT1118,"EE103, MA201, CS389, CS359, CS341"
STUDENT1119,"CS633, MA202, ME102, HS301, ME633"
STUDENT1120,"MA401, CS101, CS102, CS389, CS359"
STUDENT1121,"MA201, CS101, CS202, ME572, EE633"
STUDENT1122,"ME101, EE633, HS301, EE105, MA202"
STUDENT1123,"ME633, CS102, EE104, ME572, EE570"
STUDENT1124,"EE570, CS101, CS387, CS341, MA401"
STUDENT1125,"CS101, EE572, CS359, EE103, ME572"
STUDENT1126,"ME301, EE105, EE104, HS301, EE201"
STUDENT1127,"EE570, EE633, CS633, ME104, ME572"
STUDENT1128,"HS201, EE103, ME401, CS387, CS386"
STUDENT1129,"CS101, EE633, CS389, MA202, ME101"
STUDENT1130,"CS359, ME633, EE103, CS102, EE104"
STUDENT1131,"ME572, CS202, CS389, CS387, EE572"
STUDENT1132,"CS389, EE102, EE105, ME101, CS386"
STUDENT1133,"EE101, ME301, ME401, EE105, CS633"
STUDENT1134,"EE633, HS301, CS101, MA202, EE104"
STUDENT1135,"CS387, CS202, MA401, CS102, ME301"
STUDENT1136,"HS201, EE201, CS633, ME101, ME102"
STUDENT1137,"EE633, ME101, MA202, HS201, MA201"
STUDENT1138,"EE102, ME104, ME102, CS101, EE570"
STUDENT1139,"EE201, ME633, ME101, CS359, ME301"
STUDENT1140,"MA401, CS102, CS386, EE633, MA201"
STUDENT1141,"CS101, CS101, EE572, HS201, ME401"
STUDENT1142,"CS387, CS202, MA201, CS102, EE572"
STUDENT1143,"CS389, ME102, CS102, ME401, MA201"
STUDENT1144,"EE103, MA202, MA201, CS389, EE570"
STUDENT1145,"EE570, CS202, MA401, CS389, EE201"
STUDENT1146,"CS633, ME401, HS301, ME572, CS389"
STUDENT1147,"EE102, CS102, MA401, CS202, EE570"
STUDENT1148,"CS387, EE633, MA201, ME102, ME633"
STUDENT1149,"CS102, MA401, ME301, MA201, ME101"
STUDENT1150,"CS387, ME572, CS633, MA202, MA201"
STUDENT1151,"CS202, EE101, EE103, ME102, ME301"
STUDENT1152,"MA202, CS102, CS389, ME101, ME102"
STUDENT1153,"MA201, MA202, ME104, HS301, CS359"
STUDENT1154,"CS341, MA401, ME104, EE105, ME101"
STUDENT1155,"MA201, CS101, EE103, CS341, ME101"
STUDENT1156,"EE103, MA202, MA401, CS387, EE101"
STUDENT1157,"CS386, CS102, CS387, CS202, HS201"
STUDENT1158,"CS359, EE570, EE102, ME102, CS102"
STUDENT1159,"HS201, EE103, CS389, ME101, MA202"
STUDENT1160,"ME101, CS633, CS102, CS101, CS359"
STUDENT1161,"EE104, EE201, EE103, EE572, ME104"
STUDENT1162,"EE104, EE570, EE105, HS301, MA401"
STUDENT1163,"EE570, EE572, EE105, MA202, ME101"
STUDENT1164,"EE201, ME401, EE633, HS201, CS389"
STUDENT1165,"CS102, ME633, ME102, ME301, ME101"
STUDENT1166,"CS359, MA401, CS387, CS386, ME401"
STUDENT1167,"EE201, CS387, CS101, ME633, CS389"
STUDENT1168,"CS389, CS202, ME401, CS102, CS101"
STUDENT1169,"ME572, CS341, ME401, ME102, CS389"
STUDENT1170,"MA401, EE105, MA202, CS102, EE104"
STUDENT1171,"CS341, CS101, ME572, ME104, EE101"
STUDENT1172,"CS386, EE633, EE103, EE570, ME301"
STUDENT1173,"CS202, EE633, ME401, EE102, CS341"
STUDENT1174,"ME102, HS301, ME633, ME572, CS101"
STUDENT1175,"MA401, CS387, MA202, ME301, CS101"
STUDENT1176,"CS102, CS341, EE104, MA202, ME633"
STUDENT1177,"MA202, ME401, ME572, EE633, ME301"
STUDENT1178,"MA401, EE572, CS101, EE201, ME104"
STUDENT1179,"EE101, MA202, EE572, CS633, EE104"
STUDENT1180,"EE101, HS301, CS389, ME572, CS202"
STUDENT1181,"CS101, EE201, EE103, HS301, MA201"
STUDENT1182,"CS341, HS201, EE572, MA201, CS102"
STUDENT1183,"EE101, CS389, CS102, EE103, MA401"
STUDENT1184,"EE201, MA201, CS389, ME401, EE103"
STUDENT1185,"CS102, CS101, EE102, ME102, CS389"
STUDENT1186,"MA401, HS301, EE102, ME102, EE101"
STUDENT1187,"MA202, HS301, ME101, EE103, CS101"
STUDENT1188,"CS387, EE633, CS101, CS101, CS202"
STUDENT1189,"HS201, CS101, CS102, HS301, ME101"
STUDENT1190,"CS102, ME572, CS387, CS633, ME401"
STUDENT1191,"ME104, CS202, CS386, CS341, MA201"
STUDENT1192,"ME102, EE201, ME101, EE105, CS101"
STUDENT1193,"MA202, EE633, ME401, MA201, MA401"
STUDENT1194,"EE103, CS359, EE201, CS202, EE101"
STUDENT1195,"CS387, EE104, CS101, MA201, ME401"
STUDENT1196,"ME572, EE101, EE570, ME102, ME633"
STUDENT1197,"ME104, EE105, EE201, CS386, HS201"
STUDENT1198,"ME104, ME301, CS102, HS301, EE572"
STUDENT1199,"EE105, ME633, ME301, EE101, EE102"
STUDENT1200,"ME633, CS101, EE102, EE572, ME572"
